irs_share_of_city_investment_2022,irs_income_per_household_2022,irs_agi_annual_2022,irs_investment_annual_2022,irs_investment_share_2022,irs_returns_annual,zip,name,borough,zips_included,irs_returns,irs_agi_per_return,irs_wages_per_return,irs_capital_income_per_return,irs_investment_income_annual,irs_capital_gains_per_return,irs_partnership_per_return,irs_capital_share_of_agi,irs_top_share_of_returns,irs_top_agi_per_return,irs_top_share_of_agi,irs_share_of_city_capital_income,irs_share_of_city_returns,acs_population,acs_households,acs_median_household_income,acs_median_household_income_moe,acs_mean_household_income,acs_share_households_200k,acs_renter_share,acs_median_gross_rent,acs_private_share_k12,acs_seasonal_units,acs_seasonal_share_of_units,sales_count,sales_median_price,sales_over_5m,irs_years_available,acs_households_moe,acs_aggregate_income_moe
0.0079,261872,3764411095,668808707,0.1777,16074,10001,Chelsea-Hudson Yards,Manhattan,"10001, 10118, 10119, 10199",16960,214323,144366,38432,617758000,27765,16407,0.1793,0.2199,735718,0.7547,0.0081,0.0039,27004,14375,106509,9423,176483,0.3034,0.7619,2625,0.2294,412,0.0243,663,1490000,102,5,782,
0.0036,89298,3217233234,300648070,0.0934,40756,10002,Lower East Side,Manhattan,10002,39620,71757,54380,6695,272872200,4766,2521,0.0933,0.0619,479422,0.4138,0.0036,0.0099,76518,36028,43362,5737,86843,0.1016,0.8272,1136,0.0677,681,0.0174,773,1050000,15,5,1326,233400673
0.0287,356711,8913150114,2416028051,0.2711,27322,10003,East Village,Manhattan,10003,27610,296215,160677,80093,2188305000,60777,29718,0.2704,0.2621,913841,0.8087,0.0286,0.0066,53877,24987,152863,10149,250384,0.3872,0.6427,2731,0.5424,1254,0.0408,1630,1240000,65,5,936,590032457
0.0013,105481,1607213122,109459075,0.0681,17788,10026,Harlem (South),Manhattan,10026,17200,82010,63980,5573,99134800,4226,4227,0.068,0.0741,485141,0.4383,0.0013,0.0043,38265,15237,68831,7178,117438,0.1607,0.8022,1507,0.1447,105,0.0061,370,755119,1,5,806,129905521
0.0033,524854,1114264780,274640642,0.2465,2334,10004,Financial District-Battery Park City,Manhattan,10004,2410,433411,256999,107622,251188800,76933,24507,0.2483,0.3796,1007066,0.882,0.0033,0.0006,4579,2123,232543,14137,342833,0.5794,0.5794,3501,0.2302,85,0.0314,244,1000000,0,5,394,238766015
0.0119,556442,2715993838,999863076,0.3681,5916,10005,Financial District-Battery Park City,Manhattan,"10005, 10271",6310,416023,173671,152714,903453800,84482,59856,0.3671,0.2975,1199491,0.8578,0.0118,0.0014,8801,4881,189886,29192,251095,0.4851,0.8332,3501,0.1512,457,0.0729,382,1090473,5,5,550,
0.0015,353378,723011864,128452928,0.1777,2410,10006,Financial District-Battery Park City,Manhattan,10006,2500,274067,177383,49575,119476600,34778,16972,0.1809,0.2946,723466,0.7777,0.0016,0.0006,3736,2046,204574,22309,218507,0.5249,0.8226,3501,0.7098,77,0.0318,223,1495000,1,5,254,83026264
0.0126,1181959,3733808546,1065477660,0.2854,3792,10007,Tribeca-Civic Center,Manhattan,"10007, 10278, 10279",4150,899313,413722,255739,969764000,185127,64183,0.2844,0.4705,1823242,0.9538,0.0127,0.0009,7667,3159,250001,,509835,0.6815,0.6667,3501,0.4573,369,0.0958,302,2881416,52,5,509,
0.0032,107862,3200254703,270846930,0.0846,31000,10009,East Village,Manhattan,10009,31000,93765,70931,7967,246967600,5587,2560,0.085,0.0885,434276,0.4097,0.0032,0.0075,58418,29670,83344,8153,130249,0.1915,0.9044,1832,0.1215,430,0.0134,280,830000,2,5,1202,403726256
0.0135,322709,5179485204,1140769541,0.2202,16326,10010,Midtown South-Flatiron-Union Square,Manhattan,10010,16690,287813,166090,63165,1031225800,46772,31011,0.2195,0.2657,864120,0.7978,0.0135,0.004,32410,16050,150288,23588,254222,0.4102,0.7117,2899,0.4001,663,0.035,984,1267500,67,5,1244,589864722
0.0336,367710,10617251058,2830578561,0.2666,28624,10011,Chelsea-Hudson Yards,Manhattan,10011,28690,337235,187791,90008,2576386000,66162,31358,0.2669,0.2961,950039,0.8342,0.0336,0.0069,50772,28874,145934,17135,237851,0.3648,0.6343,2637,0.4545,1570,0.0448,2268,1500000,293,5,1301,525486776
0.0145,358067,4128150925,1218499987,0.2952,11756,10012,SoHo-Little Italy-Hudson Square,Manhattan,10012,11780,319485,174129,94319,1108811200,73606,21592,0.2952,0.2458,1070155,0.8234,0.0145,0.0029,21216,11529,126890,11459,205960,0.3175,0.7957,2624,0.4363,521,0.0365,514,2292500,100,5,854,267173377
0.0512,786079,10024871654,4310887597,0.43,14512,10013,Tribeca-Civic Center,Manhattan,10013,14520,627926,270344,270148,3920389600,223310,41216,0.4302,0.2849,2053904,0.9318,0.0512,0.0035,29453,12753,150675,24174,370046,0.4005,0.7052,2113,0.3745,627,0.0404,1031,3400000,276,5,1164,1216009956
0.0346,469472,8217634250,2916077772,0.3549,18038,10014,West Village,Manhattan,10014,18340,415176,198569,147840,2666734200,120751,34646,0.3561,0.3071,1163805,0.8609,0.0348,0.0044,29461,17504,147267,15234,249880,0.3988,0.7158,2852,0.5309,605,0.0281,1150,1500000,180,5,972,398744196
0.0248,275931,8322644564,2090188150,0.2511,31436,10016,Murray Hill-Kips Bay,Manhattan,10016,32280,239654,139874,59936,1884145800,42841,19287,0.2501,0.2287,787695,0.7515,0.0246,0.0076,54369,30162,145864,12565,215291,0.388,0.7273,3048,0.4561,2200,0.0604,1944,880000,37,5,1498,506449478
0.0277,602615,5516938398,2334242171,0.4231,11398,10017,East Midtown-Turtle Bay,Manhattan,"10017, 10165, 10167, 10168, 10169, 10170, 10171, 10172, 10173, 10174, 10177",11210,439082,161073,185877,2118630800,132694,35965,0.4233,0.2922,1311709,0.8728,0.0276,0.0028,14486,9155,139964,25136,188289,0.3086,0.6943,2854,0.4203,1366,0.1062,996,600000,10,5,913,
0.0168,672512,3163498427,1418834031,0.4485,6588,10018,Midtown-Times Square,Manhattan,10018,6880,433947,169176,193489,1274707200,141542,22024,0.4459,0.2541,1501652,0.8793,0.0166,0.0016,8659,4704,149118,28258,226793,0.3922,0.8759,3501,0.0495,180,0.0333,66,1387500,1,5,396,177000743
0.0002,56754,743301071,16512803,0.0222,13306,10030,Harlem (North),Manhattan,10030,12730,50702,41484,1122,14929000,755,1193,0.0221,0.0233,447768,0.2058,0.0002,0.0032,31268,13097,47765,7808,77559,0.0767,0.8564,1245,0.1151,98,0.0068,119,740000,0,5,702,125671765
0.0537,363006,9545976707,4520725322,0.4736,26334,10019,Hell's Kitchen,Manhattan,"10019, 10020, 10103, 10111, 10112",27110,329998,142812,156482,4120807000,128808,12355,0.4742,0.2378,1152967,0.8308,0.0538,0.0064,42766,26297,113335,13895,190544,0.3224,0.7699,2328,0.3871,3037,0.092,1523,1215000,202,5,1502,
0.0624,679148,13968712142,5253463804,0.3761,22248,10021,Upper East Side-Lenox Hill-Roosevelt Island,Manhattan,10021,22450,570414,203573,214226,4766096800,149622,49469,0.3756,0.3335,1551874,0.9074,0.0622,0.0054,40642,20568,149432,14460,261254,0.3972,0.5537,2754,0.4185,4794,0.1647,1847,1200000,179,5,1285,587979851
0.0617,813624,14769723877,5199715107,0.3521,19694,10022,East Midtown-Turtle Bay,Manhattan,"10022, 10152, 10153, 10154",19930,683047,173533,240053,4727598000,172102,98433,0.3514,0.3307,1906252,0.9228,0.0617,0.0048,33586,18153,161236,21547,281977,0.4241,0.5117,2754,0.3853,4909,0.1946,2185,975000,104,5,1063,
0.0603,399698,14286013001,5079149415,0.3555,33548,10023,Upper West Side-Lincoln Square,Manhattan,10023,34110,387505,181977,138445,4644565200,98553,31606,0.3573,0.3257,1030798,0.8663,0.0606,0.0081,65706,35742,151468,15653,256121,0.3936,0.6185,2744,0.4729,5997,0.1321,2676,1200000,257,5,1763,681929877
0.0501,472711,13931737152,4216410968,0.3026,29182,10024,Upper West Side (Central),Manhattan,10024,29180,433001,203137,131113,3826146800,98083,55119,0.3028,0.317,1207415,0.8841,0.0499,0.0071,62774,29472,166994,16881,287414,0.4145,0.6168,2760,0.5377,3063,0.0843,1660,1322500,166,5,1695,530255283
0.0186,213104,8876411153,1568156902,0.1767,43608,10025,Upper West Side-Manhattan Valley,Manhattan,10025,42580,184699,108914,32610,1422069800,22766,19135,0.1766,0.1928,699959,0.7307,0.0186,0.0106,96988,41653,106916,7394,185788,0.2941,0.6851,1885,0.3176,1638,0.0343,1898,1100000,50,5,1624,614931975
0.0019,93397,2277670548,162111762,0.0712,26746,10027,Morningside Heights,Manhattan,"10027, 10115",26480,77352,58834,5505,147238400,3726,2865,0.0712,0.0711,475729,0.4374,0.0019,0.0065,65806,24387,63125,7297,112696,0.1524,0.8668,1523,0.1438,92,0.0034,617,985000,6,5,947,
0.0489,482181,11784497436,4121194018,0.3497,24482,10028,Upper East Side-Yorkville,Manhattan,10028,24640,437607,191220,153145,3749299600,112184,49195,0.35,0.2863,1337511,0.8752,0.0489,0.0059,45717,24440,160244,20498,270845,0.4131,0.6435,2550,0.54,2571,0.0871,1522,1500000,175,5,1560,594265212
0.0017,70445,2353302133,145280874,0.0617,34834,10029,East Harlem (South),Manhattan,10029,34730,61373,45587,3796,132220400,2395,4173,0.0618,0.031,717540,0.3625,0.0017,0.0084,75614,33406,35640,5012,73594,0.0804,0.9316,1137,0.1122,130,0.0035,274,685580,4,5,1409,181838193
0.0006,70436,1552200227,47813695,0.0308,28322,10031,Hamilton Heights-Sugar Hill,Manhattan,10031,27260,49698,40577,1519,43033400,1085,828,0.0306,0.0202,437084,0.1776,0.0006,0.0069,61044,22037,64807,3666,94723,0.1105,0.8699,1794,0.0873,51,0.0021,222,550000,0,5,813,155063214
0.0004,64069,1427774058,32680126,0.0229,28490,10032,Washington Heights (South),Manhattan,10032,27390,45449,37309,1042,29679000,693,467,0.0229,0.0166,351657,0.1282,0.0004,0.0069,60480,22285,56752,5909,80334,0.0591,0.9071,1519,0.0601,221,0.0091,165,550000,0,5,1079,202145645
0.0007,74862,1536238488,60610682,0.0395,26222,10033,Washington Heights (North),Manhattan,10033,25210,53133,41575,2092,54847800,1248,937,0.0394,0.0334,355194,0.2233,0.0007,0.0064,58711,20521,77209,5554,119149,0.1304,0.8527,1674,0.2209,172,0.0078,282,545500,2,5,1020,668376406
0.0004,71209,1130728572,30056064,0.0266,19564,10034,Inwood,Manhattan,10034,18690,52362,41396,1391,27205000,844,585,0.0266,0.0237,423642,0.1919,0.0004,0.0047,41570,15879,65109,6102,87559,0.0728,0.9087,1588,0.1524,105,0.0062,185,415740,0,5,619,107210242
0.0001,62406,630491690,9079595,0.0144,10172,10037,Harlem (North),Manhattan,10037,9570,56164,44913,810,8236200,537,637,0.0144,0.0216,353785,0.1362,0.0001,0.0025,19138,10103,50177,9896,79169,0.0764,0.9324,1470,0.0847,19,0.0017,49,338500,1,5,646,96039187
0.0004,63059,935355144,30068305,0.0321,15258,10035,East Harlem (North),Manhattan,10035,14850,55640,45255,1776,27091200,1273,1144,0.0319,0.0322,445569,0.2582,0.0004,0.0037,38595,14833,36989,6345,70127,0.0628,0.9026,1116,0.1249,36,0.0022,134,625000,2,5,783,118183211
0.025,261708,4950466507,2101683260,0.4245,18356,10036,Hell's Kitchen,Manhattan,"10036, 10110",18160,244969,112236,103745,1904339600,78320,3602,0.4235,0.1762,1074828,0.773,0.0249,0.0045,30930,18916,102287,13577,148933,0.2244,0.9174,2269,0.0805,590,0.0262,517,950000,1,5,1096,
0.0037,211541,2252061932,314601323,0.1397,12096,10038,Financial District-Battery Park City,Manhattan,10038,11990,169659,120513,23963,289856200,17786,10974,0.1412,0.1893,616436,0.6879,0.0038,0.0029,23343,10646,99641,15968,151912,0.2724,0.7314,3082,0.1003,467,0.0369,382,900000,14,5,835,225457548
0.0005,70825,1171514959,38263325,0.0327,20960,10040,Washington Heights (North),Manhattan,10040,20070,50671,40245,1654,34676600,925,625,0.0327,0.0258,340017,0.1729,0.0005,0.0051,43653,16541,59115,4392,84402,0.0796,0.8524,1623,0.1367,117,0.0067,182,419250,0,5,765,118261638
0.0006,96824,1161020076,52690854,0.0454,14854,11104,Sunnyside,Queens,11104,14560,70972,56774,3217,47778000,2209,1005,0.0453,0.0438,403975,0.2491,0.0006,0.0036,26939,11991,83493,6890,100703,0.1102,0.7985,1908,0.0726,201,0.0153,276,463500,0,5,479,74769730
0.0007,97343,1542985124,62844082,0.0407,19410,11105,Astoria (North)-Ditmars-Steinway,Queens,11105,19130,72230,57297,2948,57228000,1941,2334,0.0408,0.0535,356520,0.264,0.0007,0.0047,38756,15851,97233,7305,119098,0.1332,0.7278,2162,0.1326,130,0.0074,383,1195000,0,5,550,104794252
0.0001,54948,669101783,8119599,0.0121,13050,10039,Harlem (North),Manhattan,10039,12390,46518,38000,566,7385600,352,416,0.0122,0.0187,347299,0.1396,0.0001,0.0032,29887,12177,51904,8625,71332,0.0388,0.851,1158,0.0548,41,0.0032,64,595000,0,5,726,82302484
0.0557,499443,14647678380,4689761831,0.3202,31688,10128,Upper East Side-Yorkville,Manhattan,10128,31800,420437,186280,134848,4273069600,97828,37221,0.3207,0.2715,1350774,0.8721,0.0558,0.0077,56695,29328,137253,15938,224663,0.3408,0.6903,2434,0.5189,2643,0.0745,1564,1175000,126,5,1444,629944563
0.0004,111848,563604463,35728620,0.0634,4652,10044,Upper East Side-Lenox Hill-Roosevelt Island,Manhattan,10044,4850,110236,89136,6967,32408400,4502,1690,0.0632,0.1376,400331,0.4996,0.0004,0.0011,11846,5039,120759,23645,157427,0.2538,0.7926,3082,0.276,125,0.0212,118,922500,0,5,513,91807055
0.0563,602346,9705600148,4741436675,0.4885,15220,10065,Upper East Side-Lenox Hill-Roosevelt Island,Manhattan,10065,15410,578757,204597,283430,4313808600,214157,38024,0.4897,0.3179,1654655,0.9088,0.0563,0.0037,30859,16113,158276,14319,262771,0.4059,0.675,2792,0.5545,3723,0.1675,1274,1350000,117,5,980,411833171
0.0068,632991,1988857039,575795636,0.2895,3220,10069,Upper West Side-Lincoln Square,Manhattan,10069,3340,561036,291378,162083,521907800,124662,72895,0.2889,0.441,1173050,0.9221,0.0068,0.0008,6259,3142,197680,114282,292930,0.4714,0.6741,3286,0.5832,559,0.1452,233,1700000,16,5,602,308242171
0.0347,565497,7767107492,2926318483,0.3768,14344,10075,Upper East Side-Carnegie Hill,Manhattan,"10075, 10162",14630,492094,196610,185636,2662758200,136188,65017,0.3772,0.3111,1406934,0.8894,0.0347,0.0035,25443,13735,140736,23957,272823,0.3497,0.5764,2328,0.6385,1289,0.077,1185,990000,122,5,1068,798164834
0.0013,268142,1151133861,108298572,0.0941,4192,10280,Financial District-Battery Park City,Manhattan,10280,4160,249489,181074,23465,98365200,16625,24055,0.0941,0.3616,529901,0.7681,0.0013,0.001,8843,4293,206150,61580,289305,0.5027,0.6867,3501,0.0414,74,0.0154,222,722500,0,5,655,249883527
0.0047,614172,1618342705,393212331,0.243,2130,10282,Financial District-Battery Park City,Manhattan,10282,2140,693053,451960,170470,363102000,144641,17356,0.246,0.5718,1148871,0.9479,0.0047,0.0005,6450,2635,250001,,462043,0.6979,0.9089,3501,0.1785,45,0.0156,51,1863398,2,5,333,289690077
0.0014,109937,1583097619,119998921,0.0758,18416,10301,West New Brighton-Silver Lake-Grymes Hill,Staten Island,10301,18080,77984,54069,5887,108416200,4096,3105,0.0755,0.0619,441564,0.3505,0.0014,0.0045,40331,14400,84855,5619,118113,0.1506,0.5392,1643,0.1811,102,0.0061,890,585000,1,5,678,106986793
0.0007,87887,1627324812,55553843,0.0341,21854,11106,Queensbridge-Ravenswood-Dutch Kills,Queens,11106,21820,67702,56109,2305,50376000,1454,1051,0.034,0.0436,337184,0.217,0.0007,0.0053,40198,18516,81729,6210,110391,0.1331,0.8177,1936,0.0688,376,0.0176,530,662372,0,5,753,151800402
0.0001,90215,536331006,9572855,0.0178,8716,10302,Port Richmond,Staten Island,10302,8810,55862,43573,995,8673800,542,377,0.0178,0.0248,287085,0.1274,0.0001,0.0021,18567,5945,75588,10934,94902,0.0964,0.44,1701,0.179,105,0.0154,376,570000,0,5,529,68275769
0.0001,80966,702383470,6196148,0.0088,12796,10303,Mariner's Harbor-Arlington-Graniteville,Staten Island,10303,12700,49835,40897,440,5624400,214,107,0.0088,0.0131,270885,0.0714,0.0001,0.0031,27083,8675,78578,7641,98699,0.1009,0.3621,1399,0.1171,46,0.0049,595,504700,0,5,492,72949385
0.0015,112796,1754310540,129921091,0.0741,20828,10304,Todt Hill-Emerson Hill-Lighthouse Hill-Manor Heights,Staten Island,10304,20550,76497,52428,5648,117642600,3838,6321,0.0738,0.0554,550183,0.3985,0.0015,0.0051,44864,15553,69479,7528,108942,0.1271,0.5013,1365,0.193,88,0.0052,977,631000,1,5,721,202724176
0.0001,49706,1042094608,6048324,0.0058,24888,10451,Concourse-Concourse Village,Bronx,10451,24690,38030,31500,220,5476200,115,47,0.0058,0.0051,296192,0.0394,0.0001,0.006,51311,20965,34316,5828,57674,0.0389,0.8582,1257,0.1057,0,0.0,147,325000,0,5,945,121056354
0.0007,94217,1486738356,55460998,0.0373,20608,10305,Grasmere-Arrochar-South Beach-Dongan Hills,Staten Island,10305,20940,65471,50400,2437,50214800,1509,1187,0.0372,0.0403,326211,0.2007,0.0007,0.005,42211,15780,84764,6043,109945,0.1307,0.3422,1517,0.1532,44,0.0026,1070,675000,0,5,784,128450158
0.0013,124405,2472182358,111640694,0.0452,28536,10306,Todt Hill-Emerson Hill-Lighthouse Hill-Manor Heights,Staten Island,10306,28890,78642,56545,3549,101273800,2156,2072,0.0451,0.065,339732,0.2807,0.0013,0.0069,56232,19872,94758,5792,118424,0.158,0.2758,1579,0.1681,35,0.0017,1609,685000,0,5,722,143650743
0.0005,152113,793575460,43848056,0.0553,6726,10307,Tottenville-Charleston,Staten Island,10307,6750,107303,75380,5947,40001000,4000,5259,0.0554,0.116,413375,0.4468,0.0005,0.0016,14755,5217,124738,9276,145667,0.2266,0.1919,1449,0.289,0,0.0,407,800000,0,5,400,95687863
0.0006,124479,1303542243,46929384,0.036,14032,10308,Great Kills-Eltingville,Staten Island,10308,14130,84317,61916,3030,42523000,1635,1093,0.0359,0.0737,301687,0.2637,0.0006,0.0034,30075,10472,122647,9783,136486,0.2223,0.2087,1668,0.2538,79,0.0069,857,695000,0,5,623,126098501
0.0011,143413,1691124141,92848576,0.0549,15782,10309,Annadale-Huguenot-Prince's Bay-Woodrow,Staten Island,10309,15890,97409,69490,5361,84613000,3441,4143,0.055,0.1019,362014,0.3787,0.0011,0.0038,34740,11792,110123,17325,144776,0.2575,0.2002,1983,0.1724,110,0.0089,999,803000,0,5,834,174563462
0.0004,99138,906620122,33359473,0.0368,11886,10310,West New Brighton-Silver Lake-Grymes Hill,Staten Island,10310,11860,69242,52583,2544,30234400,1483,748,0.0367,0.0557,312641,0.2515,0.0004,0.0029,26239,9145,105523,9938,118232,0.1519,0.4163,1660,0.1758,72,0.0072,527,615000,0,5,636,102141452
0.0019,141162,3010133813,158174420,0.0525,30206,10312,Annadale-Huguenot-Prince's Bay-Woodrow,Staten Island,10312,30330,90483,63756,4771,144114600,2894,2578,0.0527,0.0842,340450,0.3169,0.0019,0.0073,63473,21324,107414,5586,133355,0.1851,0.1806,1773,0.2041,65,0.0029,1668,725000,0,5,931,141969557
0.0021,113411,3609296373,176704874,0.049,42148,10314,New Springville-Willowbrook-Bulls Head-Travis,Staten Island,"10311, 10314",42370,77765,55297,3805,160363200,2238,2131,0.0489,0.0614,332956,0.2629,0.0021,0.0102,94355,31825,103436,5661,128456,0.1957,0.2493,1631,0.3176,67,0.002,2337,685000,0,5,780,
0.0,44784,1449667199,3363172,0.0023,41156,10456,Morrisania,Bronx,10456,39410,31943,26717,74,3047600,43,42,0.0023,0.0016,346269,0.0169,0.0,0.01,88575,32370,33317,2916,48138,0.014,0.9376,1163,0.101,0,0.0,185,660000,0,5,1229,113157631
0.0,47605,1345311162,3369467,0.0025,37378,10452,Highbridge,Bronx,10452,36080,32644,27238,82,3057600,46,41,0.0025,0.0018,328797,0.0183,0.0,0.0091,78624,28260,36536,3180,52522,0.0156,0.967,1323,0.0718,0,0.0,91,550000,0,5,968,141788250
0.0,47536,1352683980,3026223,0.0022,38936,10453,University Heights (South)-Morris Heights,Bronx,10453,37250,31509,26121,71,2767000,36,47,0.0023,0.0016,314109,0.0164,0.0,0.0094,80385,28456,34800,4035,51195,0.0157,0.953,1362,0.0677,15,0.0005,105,799000,0,5,942,107401146
0.0,39909,588139384,1639516,0.0028,16032,10454,Mott Haven-Port Morris,Bronx,10454,15660,33303,28259,92,1473200,55,174,0.0028,0.0042,320156,0.0408,0.0,0.0039,41073,14737,26400,4309,47549,0.0313,0.943,954,0.1366,12,0.0008,59,875000,0,5,663,87044672
0.0,42503,690848519,1538663,0.0022,18768,10455,Melrose,Bronx,10455,18600,33408,28382,75,1401800,41,34,0.0022,0.0025,308922,0.0227,0.0,0.0046,44380,16254,35813,3294,52036,0.0136,0.8827,1130,0.1464,18,0.0011,104,728230,0,5,810,64230707
0.0,46225,1209378713,3025004,0.0025,34322,10457,Tremont,Bronx,10457,33510,31972,26775,79,2727600,48,45,0.0025,0.0022,309750,0.0215,0.0,0.0083,79817,26163,41145,5310,56909,0.0217,0.9375,1381,0.0373,14,0.0005,207,710000,0,5,1032,122430786
0.0001,45131,1314031627,7212727,0.0055,35546,10458,Belmont,Bronx,10458,34250,33514,27895,183,6521400,100,62,0.0055,0.0023,344690,0.0237,0.0001,0.0086,82678,29116,41550,2405,56212,0.0147,0.9584,1512,0.0474,16,0.0005,229,620000,0,5,1093,135666117
0.0,45761,814775393,2335293,0.0029,22108,10459,Longwood,Bronx,10459,21400,33435,28414,96,2133200,66,11,0.0029,0.0018,271290,0.0147,0.0,0.0054,51964,17805,41270,3387,61443,0.0356,0.8708,1292,0.0856,37,0.002,172,650000,0,5,744,102289276
0.0,45546,993545260,3912202,0.0039,26888,10460,West Farms,Bronx,10460,26030,33531,28194,133,3573400,81,24,0.004,0.002,312870,0.0187,0.0,0.0065,59852,21814,33080,3535,53823,0.0283,0.8984,1299,0.0502,0,0.0,229,700000,0,5,818,89302223
0.0004,82172,1545409385,36548941,0.0237,24990,10461,Morris Park,Bronx,10461,24450,56104,44621,1324,33078800,757,522,0.0236,0.0202,315781,0.1135,0.0004,0.0061,50868,18807,64444,5712,88061,0.0817,0.6845,1675,0.158,100,0.005,696,725000,0,5,689,113763872
0.0013,123016,842045688,112686080,0.1338,8274,11004,Glen Oaks-Floral Park-New Hyde Park,Queens,"11004, 11005",8210,92351,48492,12318,101915200,6403,2522,0.1334,0.0863,364166,0.3403,0.0013,0.002,17877,6845,112311,13301,165928,0.1633,0.2624,1954,0.1895,147,0.0192,834,425000,0,5,516,430090073
0.0017,186761,3079310986,144255313,0.0468,24750,11101,Long Island City-Hunters Point,Queens,11101,27640,113874,99045,5380,133147000,3979,3529,0.0472,0.1452,395842,0.5048,0.0017,0.006,34279,16488,109625,9034,145896,0.2483,0.8574,2556,0.1083,3390,0.1357,1320,1081639,2,5,975,213588538
0.0003,68446,2040115231,22614463,0.0111,39982,10462,Pelham Parkway-Van Nest,Bronx,10462,38400,46240,37929,513,20514000,296,108,0.0111,0.007,280605,0.0425,0.0003,0.0097,77230,29806,63431,2878,77474,0.0469,0.7785,1652,0.1407,47,0.0015,1030,245000,1,5,943,131158055
0.0026,94054,2784661751,219838438,0.0789,34594,10463,Riverdale-Spuyten Duyvil,Bronx,10463,33570,72975,50497,5724,198014600,3298,1568,0.0784,0.056,411345,0.3158,0.0026,0.0084,70296,29607,66780,5146,98349,0.1065,0.6549,1592,0.1551,125,0.0041,1136,351500,1,5,1062,128524585
0.0002,116922,232674621,15320896,0.0658,2180,10464,Pelham Bay-Country Club-City Island,Bronx,10464,2150,96854,59624,6350,13843000,4048,3331,0.0656,0.0954,384391,0.3787,0.0002,0.0005,4292,1990,129109,27791,155364,0.3085,0.3377,1794,0.1109,0,0.0,141,630000,0,5,267,64638123
0.0005,91320,1476468470,46166460,0.0313,20092,10465,Throgs Neck-Schuylerville,Bronx,10465,19630,66643,51272,2083,41850000,1338,744,0.0313,0.0394,288817,0.1708,0.0005,0.0049,46311,16168,85946,6630,106860,0.1351,0.4488,1680,0.2903,129,0.0076,922,655000,0,5,703,116463547
0.0001,65560,1614208182,11060622,0.0069,32842,10466,Eastchester-Edenwald-Baychester,Bronx,10466,31520,44576,37832,306,10043800,185,37,0.0069,0.0078,266451,0.0466,0.0001,0.008,72273,24622,60892,6496,86762,0.0837,0.6016,1474,0.1238,19,0.0007,672,642500,0,5,984,166435781
0.0002,52078,2001528578,16833379,0.0084,46270,10467,Williamsbridge-Olinville,Bronx,10467,44820,39225,32806,329,15241600,175,78,0.0084,0.0045,304609,0.0346,0.0002,0.0112,98713,38433,46228,2151,64960,0.0311,0.8632,1482,0.0689,56,0.0014,431,550000,0,5,1131,150888629
0.0001,49866,1407621769,9996758,0.0071,36814,10468,University Heights (North)-Fordham,Bronx,10468,35120,34668,28274,245,9022200,142,52,0.0071,0.0028,313781,0.0256,0.0001,0.0089,81397,28228,43985,3495,57987,0.0194,0.9239,1508,0.0917,30,0.001,204,271500,0,5,1367,115254772
0.0003,78783,1838560918,29142708,0.0159,32926,10469,Pelham Gardens,Bronx,10469,31860,50645,41580,803,26441600,473,207,0.0159,0.0151,283981,0.0845,0.0003,0.008,71862,23337,76731,6438,96953,0.1035,0.4879,1634,0.191,79,0.0032,878,675500,0,5,1101,138696135
0.0001,77541,492460120,11634075,0.0236,7734,10470,Wakefield-Woodlawn,Bronx,10470,7570,57740,45871,1366,10561600,735,308,0.0237,0.0272,297042,0.1397,0.0001,0.0019,15390,6351,75750,8351,100670,0.1378,0.6333,1581,0.1912,0,0.0,245,605000,0,5,385,57681465
0.0006,123290,1499698854,50279652,0.0335,19334,11102,Old Astoria-Hallets Point,Queens,11102,19490,70551,57462,2355,45529600,1519,970,0.0334,0.0446,381366,0.241,0.0006,0.0047,27069,12164,103409,8388,122429,0.1517,0.8469,2184,0.0738,1176,0.0607,366,816500,3,5,754,132903843
0.0005,230509,766672535,42772818,0.0558,3448,11109,Long Island City-Hunters Point,Queens,11109,3400,201828,169518,11225,38704000,7637,9912,0.0556,0.3329,413629,0.6823,0.0005,0.0008,7280,3326,173939,41181,229013,0.4311,0.7471,3501,0.073,864,0.1784,91,670000,0,5,587,140280269
0.0038,179659,1603274450,317460859,0.198,10012,10471,Riverdale-Spuyten Duyvil,Bronx,10471,9920,145553,81795,28806,288409600,20689,6410,0.1979,0.1322,651763,0.5922,0.0038,0.0024,22888,8924,111418,8884,149559,0.2187,0.44,1680,0.3977,18,0.0019,644,350000,3,5,573,129846313
0.0001,51735,1144069782,8826086,0.0077,29560,10472,Soundview-Bruckner-Bronx River,Bronx,10472,28500,35096,28864,273,8061800,187,81,0.0078,0.0033,313476,0.0296,0.0001,0.0072,65283,22114,40025,3730,59114,0.0414,0.8334,1392,0.0723,134,0.0055,221,815000,0,5,640,88596385
0.0001,60898,1388163874,9136334,0.0066,28736,10473,Soundview-Clason Point,Bronx,10473,27640,43798,35655,287,8250800,177,48,0.0066,0.0071,273590,0.0443,0.0001,0.007,60087,22795,51379,3396,73681,0.0441,0.7171,1120,0.1284,12,0.0005,480,582878,0,5,975,144355291
0.0,48089,183124028,58661,0.0003,5072,10474,Hunts Point,Bronx,10474,5000,32745,27953,10,52000,-4,69,0.0003,0.0,,0.0,0.0,0.0012,11280,3808,40795,7131,55791,0.0305,0.9002,1280,0.0666,0,0.0,34,830928,0,5,291,47726539
0.0006,93995,1458429790,50186046,0.0344,20388,11103,Astoria (East)-Woodside (North),Queens,11103,20140,64969,52328,2225,45371600,1415,875,0.0343,0.0345,379389,0.2016,0.0006,0.0049,34752,15516,88116,6123,129759,0.1272,0.8374,2042,0.1536,563,0.0304,239,1100000,1,5,646,427125974
0.0002,71918,1322069007,13830185,0.0105,22762,10475,Co-op City,Bronx,10475,22370,52683,39592,551,12538200,257,23,0.0105,0.0073,272537,0.0377,0.0002,0.0055,43517,18383,57003,7118,69530,0.0219,0.5784,1207,0.1087,0,0.0,63,560000,0,5,973,96323976
0.0211,302966,9763683438,1776877167,0.182,34772,11201,Downtown Brooklyn-DUMBO-Boerum Hill,Brooklyn,11201,36530,255974,164874,46649,1622087600,35009,24172,0.1822,0.2757,723897,0.7796,0.0212,0.0084,69755,32227,163310,8192,232020,0.4068,0.6521,3110,0.2613,739,0.021,2068,1340000,128,5,996,457029260
0.0002,65838,1936369571,20950565,0.0108,36996,11203,East Flatbush-Rugby,Brooklyn,11203,35330,47479,39305,511,18908800,358,175,0.0108,0.0104,286942,0.0627,0.0002,0.009,78506,29411,68006,2758,89068,0.0785,0.6091,1495,0.1283,18,0.0005,847,700000,0,5,800,151661335
0.0029,94438,2372081845,242284758,0.1021,34344,11204,Bensonhurst,Brooklyn,11204,34050,62868,38606,6494,223043600,4274,7017,0.1033,0.0319,710657,0.3607,0.0029,0.0083,80575,25118,64172,4094,83981,0.0612,0.6404,1677,0.523,210,0.0077,809,1250000,1,5,1132,125192644
0.0016,112826,1902360060,137296004,0.0722,18994,11205,Fort Greene,Brooklyn,11205,18470,91243,68457,6633,125988200,5165,6487,0.0727,0.085,488739,0.4552,0.0016,0.0046,50319,16861,74839,5527,132369,0.1989,0.7096,2107,0.6299,223,0.0119,583,995000,11,5,819,219910762
0.0008,66845,2185711687,66029225,0.0302,38266,11206,East Williamsburg,Brooklyn,11206,37370,51988,42187,1576,60297800,1175,2764,0.0303,0.0229,414493,0.1825,0.0008,0.0093,89949,32698,51507,3761,81598,0.0886,0.889,1434,0.4187,46,0.0014,464,1211674,2,5,1059,156336988
0.0002,55696,1939940421,13837679,0.0071,43832,11207,East New York-New Lots,Brooklyn,11207,42210,40161,33983,287,12596800,201,165,0.0072,0.0061,312993,0.0477,0.0002,0.0106,96801,34831,52569,3338,71269,0.0517,0.7151,1476,0.0835,241,0.0064,839,740000,0,5,1012,118268910
0.0027,108206,3265544672,229137522,0.0702,34472,11209,Bay Ridge,Brooklyn,"11209, 11425",34240,86032,61025,6048,208486000,4024,3983,0.0703,0.0754,419305,0.3673,0.0027,0.0084,71812,30179,88546,4912,122020,0.1621,0.6382,1801,0.1749,166,0.005,1198,732500,1,5,793,145359676
0.0001,54596,1873774654,11544070,0.0062,45572,11208,East New York-City Line,Brooklyn,11208,43950,37290,31300,231,10511600,155,61,0.0062,0.0039,322453,0.0334,0.0001,0.0111,108180,34321,56298,3019,76161,0.0594,0.7228,1506,0.0318,1353,0.0362,712,775000,0,5,1186,179865522
0.0049,125539,2718172805,415960408,0.153,29206,11210,Flatlands,Brooklyn,11210,28440,84554,50105,13089,382289000,9875,9209,0.1548,0.0505,757196,0.452,0.005,0.0071,63426,21652,82904,6100,114070,0.1208,0.5657,1695,0.3943,197,0.0085,768,844820,2,5,792,150975338
0.0031,79056,3468103441,258931514,0.0747,31974,11211,Williamsburg,Brooklyn,"11211, 11249",32190,99039,79356,7429,237522400,5855,4834,0.075,0.1016,436620,0.4481,0.0031,0.0078,110598,43869,94824,7298,153533,0.2688,0.836,2267,0.6022,331,0.007,1553,1450000,10,5,1193,286281064
0.0001,48507,1556652660,7227573,0.0046,38154,11212,Brownsville,Brooklyn,11212,36640,36999,31516,172,6573800,101,11,0.0047,0.0028,280764,0.0211,0.0001,0.0093,84006,32091,35840,4017,53831,0.0254,0.8557,1150,0.1309,60,0.0017,295,650000,0,5,1105,122658570
0.0006,62272,1636577597,54634113,0.0334,29598,11213,Crown Heights (North),Brooklyn,11213,28370,50233,40001,1690,50028400,1315,2105,0.0336,0.0191,435551,0.1658,0.0007,0.0072,69131,26281,54211,4112,84408,0.082,0.84,1550,0.3189,176,0.0062,380,1100000,1,5,980,165248128
0.0017,101322,2639240174,145755075,0.0552,33324,11218,Kensington,Brooklyn,11218,32770,71991,53703,3985,132790200,2648,2948,0.0554,0.0637,379348,0.3355,0.0017,0.0081,73318,26048,87759,6526,138411,0.1796,0.6205,1879,0.3965,41,0.0015,1027,875000,0,5,1103,663296895
0.0011,72956,2288337572,92159602,0.0403,42252,11214,Gravesend (West),Brooklyn,11214,42070,49168,38447,1983,83776000,1270,715,0.0403,0.022,327716,0.1464,0.0011,0.0102,90796,31366,60152,2743,89337,0.094,0.6632,1666,0.098,233,0.007,988,832482,0,5,837,185160920
0.01,223133,6574618734,839425120,0.1277,32932,11215,Park Slope,Brooklyn,11215,33040,181802,125604,23246,765553000,17491,14666,0.1279,0.2211,563489,0.6854,0.01,0.008,72014,29465,173899,7449,236543,0.4309,0.5959,2673,0.2126,104,0.0033,1641,1527375,47,5,1040,401156269
0.0011,86637,2279493187,90070267,0.0395,29536,11216,Bedford-Stuyvesant (West),Brooklyn,11216,29120,70276,58996,2782,82157800,2150,1725,0.0396,0.05,396007,0.282,0.0011,0.0072,62373,26311,92684,5556,127418,0.1843,0.7469,2048,0.2276,124,0.0043,638,1310102,1,5,1040,183120528
0.006,207497,3924191798,503209482,0.1282,20930,11217,Park Slope,Brooklyn,"11217, 11243",21470,170938,123019,21965,459723200,17070,12201,0.1285,0.2007,569997,0.6691,0.006,0.0051,43045,18912,152735,9472,224818,0.3905,0.706,2651,0.2919,219,0.0105,843,1677944,31,5,630,320728016
0.002,80925,1944697970,166239548,0.0855,34496,11219,Borough Park,Brooklyn,11219,33870,51241,30873,4393,151550000,3135,8108,0.0857,0.025,672735,0.3281,0.002,0.0084,92283,24031,51194,4766,77462,0.0605,0.7308,1627,0.6819,389,0.0142,861,1150000,5,5,882,118639148
0.0007,73519,2051689962,61173176,0.0298,53480,11220,Sunset Park (West),Brooklyn,11220,52060,34828,27428,1041,55661600,633,695,0.0299,0.0114,367060,0.1198,0.0007,0.013,93008,27907,62804,2844,85180,0.0712,0.7246,1641,0.0399,203,0.0066,682,1057000,2,5,1012,118730323
0.0008,69408,2446288503,64739296,0.0265,41800,11221,Bedford-Stuyvesant (East),Brooklyn,11221,41380,53288,45130,1431,59831200,1115,799,0.0269,0.0238,387202,0.1731,0.0008,0.0101,91236,35245,77600,5699,104627,0.1168,0.7881,1937,0.1031,118,0.0031,912,1099500,5,5,1287,246131239
0.0022,142741,2727488170,189467508,0.0695,23544,11222,Greenpoint,Brooklyn,11222,24140,105666,82944,7344,172905200,5295,4009,0.0695,0.1048,431559,0.4281,0.0023,0.0057,40137,19108,126250,10193,153168,0.2435,0.8164,2479,0.1986,283,0.0136,791,1475000,7,5,622,187641541
0.0055,116567,3117926835,461471068,0.148,33748,11223,Gravesend (East)-Homecrest,Brooklyn,11223,33360,84060,44288,12548,423474000,8102,17606,0.1493,0.043,990389,0.5062,0.0055,0.0082,80113,26748,61356,4590,94988,0.1,0.6402,1596,0.33,364,0.0125,867,1040000,40,5,952,176601694
0.0004,56136,1093859159,37869035,0.0346,20498,11224,Coney Island-Sea Gate,Brooklyn,11224,20690,48470,37031,1677,34366600,969,988,0.0346,0.0193,358251,0.1428,0.0004,0.005,47893,19486,40467,3910,67767,0.0703,0.7004,925,0.102,444,0.0211,455,460000,0,5,872,116345830
0.0009,83270,2071171655,79767938,0.0385,30332,11225,Prospect Lefferts Gardens-Wingate,Brooklyn,11225,29440,62070,49966,2396,72671200,1732,2002,0.0386,0.0336,426622,0.2307,0.0009,0.0074,58476,24873,82716,7405,107973,0.1254,0.8189,1730,0.2436,60,0.0022,574,996000,0,5,857,173144899
0.0008,76890,2957018290,65128404,0.022,52606,11226,East Flatbush-Erasmus,Brooklyn,11226,51620,51114,42944,1134,59631600,803,703,0.0222,0.0197,383253,0.1474,0.0008,0.0128,101053,38458,75947,4212,99788,0.1084,0.8589,1672,0.0942,73,0.0017,602,730000,0,5,1219,164817696
0.0011,98608,1525858723,90071777,0.059,20794,11228,Dyker Heights,Brooklyn,11228,21080,66616,48440,3946,82059200,2529,2899,0.0592,0.0555,372067,0.31,0.0011,0.005,44196,15474,83980,6446,118610,0.1678,0.4378,1732,0.1484,175,0.0105,728,1205000,1,5,778,113675625
0.0045,108941,3474881004,380369689,0.1095,36848,11230,Mapleton-Midwood (West),Brooklyn,11230,36240,85773,49550,9447,348097600,5927,13988,0.1101,0.057,716329,0.476,0.0045,0.0089,90245,31897,65051,3665,95988,0.1039,0.6977,1680,0.4539,288,0.0084,1045,728049,11,5,804,160162830
0.0005,91855,788853814,40533133,0.0514,9546,11415,Kew Gardens,Queens,"11415, 11424",9370,75000,57315,3846,36717000,2439,1707,0.0513,0.0494,367537,0.2423,0.0005,0.0023,20315,8588,88306,9684,120616,0.1617,0.5793,1863,0.2234,102,0.0107,441,295000,0,5,392,
0.0021,93331,2870010124,179050530,0.0624,37858,11229,Madison,Brooklyn,11229,37580,68832,47233,4302,162879000,2709,5335,0.0625,0.0485,425131,0.2999,0.0021,0.0092,81109,30751,72799,5187,104211,0.1277,0.5166,1586,0.3111,618,0.0185,1325,685000,0,5,962,163007009
0.0061,212985,3513832631,511914347,0.1457,17132,11231,Carroll Gardens-Cobble Hill-Gowanus-Red Hook,Brooklyn,11231,16900,186849,123878,27339,468372600,20732,20193,0.1463,0.2064,650084,0.7181,0.0061,0.0042,38829,16498,130396,9536,204514,0.3356,0.6934,2309,0.2246,100,0.0056,595,1999999,35,5,728,379298679
0.0011,105970,1396572990,95303716,0.0682,20374,11358,Murray Hill-Broadway Flushing,Queens,11358,20640,62211,44052,4245,86493600,2656,1776,0.0682,0.0485,342518,0.267,0.0011,0.0049,37647,13179,84020,7384,109224,0.1301,0.4041,1939,0.1403,143,0.0103,809,995000,0,5,649,92105201
0.0003,77206,740326481,23515504,0.0318,12714,11232,Sunset Park (West),Brooklyn,11232,12410,52910,43145,1691,21503800,1115,788,0.032,0.0304,370301,0.2125,0.0003,0.0031,28137,9589,79599,10768,114279,0.1704,0.7737,1865,0.0249,51,0.005,236,749500,0,5,642,162479492
0.0004,55258,1796756558,33084955,0.0184,32552,11233,Ocean Hill,Brooklyn,11233,31400,50168,42579,929,30234800,716,461,0.0185,0.0211,362414,0.1527,0.0004,0.0079,83125,32516,57812,5074,84738,0.0842,0.7533,1510,0.0709,59,0.0017,658,1032500,1,5,1001,151835150
0.002,108817,3548100023,166415331,0.0469,42720,11234,Marine Park-Mill Basin-Bergen Beach,Brooklyn,11234,41790,75370,52958,3537,151081400,2273,4334,0.0469,0.052,417760,0.288,0.002,0.0104,89976,32606,91379,2339,120818,0.1613,0.3165,1732,0.2721,641,0.0181,1667,758000,0,5,831,245533333
0.0023,86595,3010805890,195778509,0.065,40704,11235,Sheepshead Bay-Manhattan Beach-Gerritsen Beach,Brooklyn,11235,40600,67130,46772,4385,178479600,2657,4989,0.0653,0.0454,464762,0.3143,0.0023,0.0099,83069,34769,61320,3114,94910,0.1153,0.6239,1595,0.1589,272,0.0074,1456,568375,3,5,864,167663469
0.0003,77740,2642056676,27032044,0.0102,47564,11236,Canarsie,Brooklyn,11236,45480,50384,42789,517,24593600,317,70,0.0103,0.0125,275865,0.0686,0.0003,0.0115,100082,33986,79885,4157,102387,0.1124,0.4961,1608,0.0578,345,0.0094,939,725000,0,5,879,150623097
0.0003,70815,1240174653,24622552,0.0199,23976,11237,Bushwick (West),Brooklyn,11237,23880,47058,40082,936,22451400,674,628,0.0199,0.0154,329060,0.1079,0.0003,0.0058,47183,17513,79136,6178,94875,0.0996,0.8911,1998,0.0844,43,0.0023,215,999000,0,5,750,119156868
0.0047,162701,4310277015,394102130,0.0914,31920,11238,Prospect Heights,Brooklyn,11238,32120,123115,94596,11291,360393400,8517,6408,0.0917,0.1356,483440,0.5324,0.0047,0.0077,58047,26492,125747,8082,173287,0.2976,0.7112,2368,0.2062,311,0.0108,1164,1327500,14,5,888,238314335
0.0,46273,387168090,840457,0.0022,8026,11239,Spring Creek-Starrett City,Brooklyn,11239,8330,43830,37140,94,757200,35,8,0.0022,0.0025,275060,0.0156,0.0,0.0019,16808,8367,38670,6277,61506,0.0287,0.899,1018,0.1652,10,0.0011,13,,0,5,477,100544507
0.0012,75050,1574542375,99079100,0.0629,32230,11354,Murray Hill-Broadway Flushing,Queens,11354,31640,44385,31075,2797,90153800,1739,1092,0.063,0.0231,374644,0.1948,0.0012,0.0078,53371,20980,56854,7173,84204,0.0577,0.618,1707,0.0713,383,0.0166,1930,650000,0,5,944,174521422
0.0011,64839,1925068794,92552124,0.0481,53122,11355,Queensboro Hill,Queens,11355,51580,32899,23158,1579,83902600,974,510,0.048,0.0107,331412,0.1077,0.0011,0.0129,79495,29690,52658,1913,77413,0.0645,0.7079,1625,0.0543,549,0.0175,1691,570118,1,5,1390,220405159
0.0003,80440,674970897,26234748,0.0389,13378,11356,College Point,Queens,11356,13550,45765,34926,1776,23755600,1123,734,0.0388,0.0179,333548,0.1308,0.0003,0.0032,27632,8391,86717,10821,103917,0.1076,0.4905,2034,0.1171,49,0.0055,434,861000,0,5,571,82876945
0.0026,137585,2133674701,220851977,0.1035,20796,11357,Whitestone-Beechhurst,Queens,"11351, 11357",21020,93068,57006,9650,200677600,6432,5749,0.1037,0.0814,473359,0.4138,0.0026,0.005,42792,15508,95987,10237,126065,0.1612,0.2465,2184,0.2539,125,0.0076,1454,860000,2,5,734,144492204
0.0014,130616,1135316950,119982999,0.1057,10224,11360,Bay Terrace-Clearview,Queens,"11359, 11360",10290,100756,60665,10623,108607200,6327,4800,0.1054,0.1135,361786,0.4074,0.0014,0.0025,19719,8692,100016,11564,134122,0.1638,0.2528,2145,0.2915,111,0.0114,866,525000,0,5,585,
0.001,82490,2091860660,82600256,0.0395,34908,11372,Jackson Heights,Queens,11372,34090,54411,41797,2143,74805600,1283,934,0.0394,0.0319,333754,0.1957,0.001,0.0085,67001,25359,73089,4629,100131,0.0992,0.6458,1760,0.0927,27,0.001,1081,400000,0,5,1098,172901598
0.0009,108131,1177115114,72634377,0.0617,14342,11361,Bayside,Queens,11361,14420,74530,54247,4602,66008800,2964,2535,0.0618,0.0647,349922,0.3038,0.0009,0.0035,29544,10886,102343,7652,127417,0.1733,0.3798,2302,0.2641,107,0.0091,702,900000,0,5,648,110143127
0.0009,125211,897011046,78165397,0.0871,9094,11362,Douglaston-Little Neck,Queens,11362,9190,89572,58516,7782,70768000,4708,4100,0.0869,0.0908,356109,0.3611,0.0009,0.0022,18426,7164,113688,10011,128688,0.1683,0.2465,2426,0.2389,28,0.0037,684,450000,0,5,543,100089275
0.0001,78146,584919414,6937803,0.0119,13074,11416,Ozone Park (North),Queens,11416,12770,40601,33735,482,6301000,318,103,0.0119,0.0055,269972,0.0366,0.0001,0.0032,27794,7485,84085,7551,121191,0.117,0.5069,1840,0.0783,57,0.0072,290,780000,0,5,474,102204774
0.001,181694,518736105,82349519,0.1588,3494,11363,Douglaston-Little Neck,Queens,11363,3490,134918,75406,21669,75711200,14929,15542,0.1606,0.1568,528147,0.614,0.001,0.0008,7365,2855,112625,23395,155429,0.2049,0.2886,2334,0.2171,9,0.0031,201,948000,0,5,261,70117486
0.0012,109362,1511602579,100169767,0.0663,18488,11364,Oakland Gardens-Hollis Hills,Queens,11364,18640,74239,52617,4905,90680200,2845,2103,0.0661,0.0611,336343,0.2769,0.0012,0.0045,38124,13822,100577,8715,121275,0.1665,0.2989,2268,0.0836,40,0.0027,1194,395695,0,5,649,124905933
0.0008,70941,2315790463,69663161,0.0301,52260,11373,Elmhurst,Queens,11373,51860,40251,31481,1208,63148800,728,247,0.03,0.0103,316547,0.0807,0.0008,0.0127,102618,32644,67489,2731,85161,0.0708,0.7243,1835,0.0179,238,0.0068,893,500000,0,5,1147,139530541
0.0011,90593,1482197165,89862501,0.0606,22370,11365,Fresh Meadows-Utopia,Queens,11365,22250,60109,42829,3631,81228200,2224,1608,0.0604,0.0377,336103,0.211,0.0011,0.0054,46424,16361,82655,9084,103325,0.1144,0.5209,1708,0.1312,87,0.0052,602,930000,0,5,909,119403637
0.0005,121075,561789110,43965913,0.0783,6930,11366,Pomonok-Electchester-Hillcrest,Queens,11366,6930,73585,50190,5743,39797400,3107,2804,0.078,0.0742,322303,0.3249,0.0005,0.0017,13659,4640,114881,13629,128237,0.1472,0.3159,2022,0.2792,78,0.0154,291,999000,0,5,443,73989310
0.0015,98317,1440044375,124250695,0.0863,19352,11367,Kew Gardens Hills,Queens,11367,19230,67536,44099,5826,112748200,3728,5835,0.0863,0.0408,541699,0.3274,0.0015,0.0047,43286,14647,76888,10314,101917,0.1307,0.5271,1711,0.4325,147,0.0095,972,395000,0,5,666,132981242
0.0012,92015,1821895285,104538358,0.0574,23480,11374,Rego Park,Queens,11374,23190,70400,54282,4018,94343000,2334,1666,0.0571,0.0486,352165,0.2429,0.0012,0.0057,47230,19800,86006,5076,107971,0.1174,0.598,1953,0.1033,178,0.0084,1095,400000,0,5,936,162465069
0.0002,62270,1875753861,19596967,0.0104,50002,11368,Corona,Queens,11368,49730,34041,27153,354,17715800,223,144,0.0104,0.0034,313886,0.0313,0.0002,0.0121,112750,30123,69391,3913,85754,0.0672,0.7803,1884,0.0221,120,0.0038,647,720000,0,5,987,151433503
0.0002,91283,855961633,14715483,0.0172,15588,11417,Ozone Park,Queens,11417,15420,49846,41279,865,13485800,517,366,0.0174,0.0146,273021,0.0801,0.0002,0.0038,31200,9377,84419,6927,104714,0.1246,0.4325,1847,0.0785,23,0.0023,455,740000,0,5,543,56736611
0.0002,88781,864369223,14650664,0.0169,18616,11369,East Elmhurst,Queens,"11369, 11371",18640,42177,33109,715,13302800,459,335,0.0169,0.01,303865,0.072,0.0002,0.0045,32177,9736,72342,4123,89135,0.068,0.4374,1888,0.0645,466,0.033,516,810846,0,5,636,
0.0003,96791,787877513,26446953,0.0336,13950,11370,Jackson Heights,Queens,11370,13890,51262,38840,1719,23982000,1029,872,0.0335,0.0234,325783,0.1485,0.0003,0.0034,28164,8140,71618,7395,99134,0.0964,0.5071,2044,0.0754,322,0.0274,334,917500,0,5,550,83170642
0.0045,129048,4298842947,377462715,0.0878,35436,11375,Forest Hills,Queens,11375,35350,110183,78333,9674,342822800,5718,5966,0.0878,0.1236,412898,0.4632,0.0045,0.0086,75212,33312,103995,6602,144354,0.2121,0.4716,2046,0.1723,153,0.0043,2228,435000,0,5,987,412063503
0.001,110210,1521997361,81206798,0.0534,18184,11379,Middle Village,Queens,11379,18160,75970,56087,4062,73868800,2339,1577,0.0535,0.0593,332520,0.2595,0.001,0.0044,38261,13810,89500,8780,114711,0.1475,0.4191,1881,0.1869,104,0.0069,679,879000,0,5,577,107035801
0.001,75659,2514834456,86788939,0.0345,46078,11377,Woodside,Queens,11377,45370,49568,38514,1707,78649800,1066,600,0.0344,0.0208,317875,0.1333,0.001,0.0112,86977,33239,72273,3189,98608,0.0852,0.6936,1743,0.0866,34,0.001,1185,540000,0,5,1182,488924378
0.0005,92902,1190818978,41114259,0.0345,18200,11378,Maspeth,Queens,11378,18160,59372,46011,2055,37394400,1228,1099,0.0346,0.0331,306725,0.1709,0.0005,0.0044,39250,12818,90572,7678,110310,0.1269,0.4804,1931,0.1253,86,0.0059,529,875000,0,5,560,85460529
0.0002,89447,1059056452,19078197,0.018,21106,11421,Woodhaven,Queens,11421,20730,45516,37437,819,17283600,479,212,0.018,0.0103,304867,0.0692,0.0002,0.0051,41552,11840,81324,3846,108437,0.122,0.4794,1903,0.111,119,0.0093,556,710200,0,5,641,101897757
0.0001,101110,1013017121,10864099,0.0107,16596,11422,Rosedale,Queens,11422,15970,55395,46175,601,9971600,378,129,0.0108,0.0171,285301,0.0881,0.0001,0.004,32296,10019,101416,7592,119487,0.1522,0.3097,2115,0.1698,37,0.0035,524,675000,0,5,511,99061938
0.001,80115,2977648216,84297487,0.0283,49904,11385,Ridgewood,Queens,11385,49540,54212,43770,1534,76575600,962,673,0.0283,0.021,307145,0.1192,0.001,0.0121,105521,37167,85127,3395,104776,0.0964,0.6992,1857,0.0675,355,0.0088,879,898000,0,5,1005,176882126
0.0001,104920,692684357,5873437,0.0085,10730,11411,Cambria Heights,Queens,11411,10450,58564,46018,503,5399000,279,9,0.0086,0.0203,268539,0.0932,0.0001,0.0026,21329,6602,117018,5908,130644,0.2084,0.1406,1650,0.1222,0,0.0,424,650000,0,5,380,61934443
0.0001,93962,1104338447,6642034,0.006,19796,11412,St. Albans,Queens,11412,19400,50626,42535,304,6025400,189,-20,0.006,0.012,265149,0.063,0.0001,0.0048,40593,11753,96094,7302,116394,0.1461,0.254,1554,0.1321,20,0.0016,879,660000,0,5,430,74310610
0.0002,99085,1338840219,14767456,0.011,21852,11413,Springfield Gardens (South)-Brookville,Queens,11413,21260,55608,45357,616,13454400,377,64,0.0111,0.0181,281976,0.0919,0.0002,0.0053,44832,13512,111065,4905,125373,0.1431,0.2684,1970,0.1518,54,0.0038,873,675540,0,5,628,94102698
0.0008,102660,1170427953,68925339,0.0589,13520,11414,Howard Beach-Lindenwood,Queens,11414,13430,78551,54586,4625,62525000,2696,1960,0.0589,0.0562,346111,0.2477,0.0008,0.0033,30374,11401,95370,10885,129067,0.1922,0.2282,1978,0.1587,212,0.0175,891,500000,0,5,723,179539178
0.0002,90997,1259041166,19949297,0.0158,24460,11420,South Ozone Park,Queens,11420,24160,46730,38011,743,18161600,488,392,0.0159,0.0112,285338,0.0684,0.0002,0.0059,51153,13836,97919,6095,116128,0.139,0.2816,1969,0.0862,181,0.0123,675,715000,0,5,581,109235748
0.0003,84432,986250923,25244154,0.0256,18430,11418,Richmond Hill,Queens,11418,17940,48567,38693,1245,22937000,706,807,0.0256,0.0201,315888,0.1306,0.0003,0.0045,38317,11681,79101,6657,100978,0.1102,0.5087,1775,0.1365,15,0.0012,469,670000,0,5,710,93825862
0.0002,85572,1104566870,14953882,0.0135,25312,11419,South Ozone Park,Queens,11419,24660,39609,31600,536,13559200,350,312,0.0135,0.0067,296995,0.0504,0.0002,0.0061,48096,12908,90818,5426,108546,0.1107,0.3733,1868,0.0876,0,0.0,450,730000,0,5,673,92337108
0.0004,93776,932694180,34807588,0.0373,15504,11423,Hollis,Queens,11423,14910,54566,42362,2032,31502000,1259,1321,0.0372,0.0255,365766,0.1712,0.0004,0.0038,29921,9946,79500,8339,103394,0.1098,0.4201,1662,0.1751,0,0.0,497,750000,0,5,650,108856016
0.0003,118960,726609090,25187571,0.0347,9538,11426,Bellerose,Queens,11426,9330,69131,51306,2399,22879800,1358,861,0.0347,0.0466,287543,0.1936,0.0003,0.0023,19733,6108,112325,12130,129673,0.1506,0.2917,2131,0.176,54,0.0083,451,715000,0,5,406,72143808
0.0004,110376,888084285,35961665,0.0405,11932,11427,Bellerose,Queens,11427,11650,67546,48524,2737,32663200,1665,2525,0.0405,0.0409,387207,0.2344,0.0004,0.0029,25187,8046,84691,9563,107138,0.1346,0.3678,1665,0.1525,0,0.0,448,742500,0,5,477,71375540
0.0001,96871,596048847,7737972,0.013,10142,11428,Queens Village,Queens,11428,9970,53340,43717,689,6991800,402,199,0.0129,0.0168,273346,0.0859,0.0001,0.0025,19554,6153,89593,11827,110985,0.1351,0.2581,1763,0.075,49,0.0075,295,730000,0,5,483,67399367
0.0,84911,521012500,2574174,0.0049,10138,11436,Baisley Park,Queens,11436,10110,46667,39186,232,2347200,152,114,0.005,0.0071,292992,0.0446,0.0,0.0025,21349,6136,87685,8389,110683,0.1255,0.3235,2018,0.0835,0,0.0,455,630000,0,5,385,72073841
0.0006,58087,1259734542,47169985,0.0374,23638,11691,Far Rockaway-Bayswater,Queens,11691,23350,48426,37142,1818,42968600,1250,2197,0.0375,0.0184,469134,0.1779,0.0006,0.0057,70365,21687,59153,7443,92048,0.0941,0.7189,1424,0.3191,216,0.0095,529,640000,0,5,792,227069666
0.0001,59797,486030744,6465889,0.0133,9170,11692,Rockaway Beach-Arverne-Edgemere,Queens,11692,8810,48135,40790,646,5926800,442,374,0.0134,0.0168,330032,0.1151,0.0001,0.0022,24584,8128,57687,8512,88642,0.0944,0.6409,1305,0.175,47,0.0055,233,700000,0,5,479,75163740
0.0001,72475,382234644,8431945,0.0221,5874,11693,Breezy Point-Belle Harbor-Rockaway Park-Broad Channel,Queens,11693,5720,59094,45923,1309,7689600,813,647,0.0222,0.0272,301842,0.1391,0.0001,0.0014,13558,5274,72714,12850,94702,0.1096,0.5493,1137,0.0376,76,0.0132,215,480000,0,5,516,64285063
0.0001,92162,740795481,6138485,0.0083,13428,11429,Queens Village,Queens,11429,13170,50058,41037,418,5612200,272,48,0.0083,0.0098,309302,0.0607,0.0001,0.0033,27845,8038,95721,11312,117648,0.1616,0.2759,1452,0.1435,28,0.0033,478,676500,0,5,636,86179707
0.0011,84158,1686196653,89285161,0.053,28462,11432,Jamaica Estates-Holliswood,Queens,11432,28030,53787,39396,2862,81452200,1916,1927,0.0532,0.0278,412688,0.2135,0.0011,0.0069,64268,20036,72001,4489,103895,0.0968,0.5982,1768,0.1352,109,0.0051,629,835000,1,5,1040,207821009
0.0,74345,809320347,3877681,0.0048,17414,11433,South Jamaica,Queens,"11433, 11451",17090,42188,35571,205,3568400,131,19,0.0049,0.0055,320560,0.0419,0.0,0.0042,38865,10886,73118,6647,91186,0.0902,0.5315,1321,0.0496,86,0.0073,585,685000,0,5,530,
0.0001,78500,1804405593,11819738,0.0066,33460,11434,Springfield Gardens (North)-Rochdale Village,Queens,"11430, 11434",32500,48931,40144,321,10726600,192,33,0.0066,0.0083,267183,0.0454,0.0001,0.0081,68514,22986,71728,2544,96344,0.0941,0.5182,1375,0.0915,78,0.0033,1007,655000,0,5,811,
0.0003,74138,1434563254,27486077,0.0192,27276,11435,Jamaica Hills-Briarwood,Queens,11435,27270,47752,39155,913,24912600,531,356,0.0191,0.0117,301290,0.0736,0.0003,0.0066,59961,19350,76915,3900,100007,0.098,0.6479,1775,0.1572,303,0.0146,661,469000,0,5,819,119115979
0.001,124713,996955387,84402708,0.0847,8904,11694,Breezy Point-Belle Harbor-Rockaway Park-Broad Channel,Queens,11694,8740,101664,66005,8668,77176800,5455,4598,0.0853,0.1076,412976,0.4371,0.001,0.0022,21788,7994,100190,8986,124327,0.1599,0.4745,1688,0.3111,351,0.0388,378,827500,3,5,438,84634454
0.0003,198910,304929436,22295940,0.0731,2416,11697,Breezy Point-Belle Harbor-Rockaway Park-Broad Channel,Queens,11697,2380,114680,70770,8383,20252600,5108,1769,0.0731,0.1391,342714,0.4156,0.0003,0.0006,3946,1533,134563,26046,160188,0.3053,0.0313,,0.0852,1143,0.4084,121,650000,0,5,247,51202683
